question_category,semantic_similarity_score,behavior_match_score,preference_match_score,reasoning_match_score,detail_preservation_score,unsupported_additions_control_score,response_style_match_score,overall_simulation_match_score,content_recall,content_precision,content_f1,unsupported_addition_rate,omission_rate
brand loyalty,0.7047383785247803,4.0,2.0,2.0,4.0,1.3333333333333333,2.3333333333333335,2.0,0.6666666666666666,0.36089743589743595,0.44785322128851535,0.639102564102564,0.16666666666666666
influences,0.5963339408238729,1.0,1.0,1.0,1.0,1.0,1.6666666666666667,1.0,0.0,0.0,0.0,1.0,0.6222222222222222
product preferences,0.6715580264727274,2.2666666666666666,1.9333333333333333,1.2,1.6,1.0,1.6666666666666667,1.4,0.39477533333333337,0.2588597777777778,0.25377533333333335,0.6545933333333332,0.4059973333333334
shopping behavior,0.6728627681732178,2.111111111111111,1.1111111111111112,1.1111111111111112,1.6666666666666667,1.0,1.8888888888888888,1.1111111111111112,0.3555555555555555,0.1902353535353535,0.2250749287749288,0.7900222222222222,0.4462962962962963
