metric,semantic_similarity_score,overall_simulation_match_score,content_f1,content_recall,content_precision
semantic_similarity_score,1.0,0.13561864804290194,0.31392961713034584,-0.11552946184666112,0.324152910607582
overall_simulation_match_score,0.13561864804290194,1.0,0.542550535353716,0.5319492453625319,0.44670743736631424
content_f1,0.31392961713034584,0.542550535353716,1.0,0.7402957978644505,0.8148186865011116
content_recall,-0.11552946184666112,0.5319492453625319,0.7402957978644505,1.0,0.3735373926933322
content_precision,0.324152910607582,0.44670743736631424,0.8148186865011116,0.3735373926933322,1.0
